name,domain,term_start,term_end,rate,total
Active Medicare Solutions,sales.activemedicaresolutions.com,3/1/2026,2/28/2027,50.00,600.00
AW Hearn,app.awhearn.com,9/1/2026,8/31/2027,75.00,900.00
Bridgewater Town LUMA,luma.bridgewater.town,2/1/2026,1/31/2027,50.00,600.00
CasasRVA,admin.rvacasas.com,10/1/2025,9/30/2026,50.00,600.00
EgoziCPA,egozicpa.com,7/1/2025,6/30/2026,30.00,360.00
Encorepreneur,encorepreneur.com,10/15/2026,10/14/2027,30.00,360.00
FrehMoveMedia,portal.freshmovemedia.com,1/1/2026,12/31/2026,50.00,600.00
Gifted Testing Evaluations,giftedtestingevaluations.com,6/1/2021,5/31/2026,30.00,360.00
Hemsworth Communications,hemsworthcommunications.com,5/1/2026,4/30/2027,30.00,360.00
Impromptu,lessplanmoredo.com,8/1/2025,7/31/2026,30.00,360.00
Kenmore Envelope,users.kenmore-envelope.com,7/1/2025,6/30/2026,75.00,900.00
Lindskog,lindskog.com,2/15/2026,2/14/2027,30.00,360.00
LUX Metal Card,app.luxmetalcard.com,11/1/2025,10/31/2026,25.00,300.00
Marshalls Lawn,app.marshallslawninc.com,8/1/2026,7/31/2027,30.00,360.00
Secured Link Society,securedlinksociety.us,1/1/2026,12/31/2025,120.00,2400.00
Stellwagen Yachts,stellwagenyachts.com,8/1/2025,7/31/2026,30.00,360.00
Specialty Mobil,specialtymobil.com,2/1/2025,1/31/2026,30.00,360.00
TSI Promotionals,tsipromotionals.com,10/1/2026,9/30/2027,30.00,360.00
Winners' Circle Print,winnerscirleprint.com,10/1/2026,9/30/2027,30.00,360.00
Young Patronesses Opera,ypo-miami.com,2/1/2025,1/31/2026,30.00,360.00
